price,rating,category,stock_count,price_category,rating_category,price_per_rating,stock_pressure,cluster
51.77,3,Poetry,22,High,Low,17.256666666666668,0.13636363636363635,0
53.74,1,Historical Fiction,20,High,Low,53.74,0.05,1
50.1,1,Fiction,20,High,Low,50.1,0.05,1
47.82,4,Mystery,20,High,Good,11.955,0.2,0
54.23,5,History,20,High,Good,10.846,0.25,0
22.65,1,Young Adult,19,Low,Low,22.65,0.05263157894736842,2
33.34,4,Business,19,High,Good,8.335,0.21052631578947367,0
17.93,3,Default,19,Low,Low,5.976666666666667,0.15789473684210525,0
22.6,4,Default,19,Low,Good,5.65,0.21052631578947367,0
52.15,1,Poetry,19,High,Low,52.15,0.05263157894736842,1
13.99,2,Default,19,Low,Low,6.995,0.10526315789473684,2
20.66,4,Poetry,19,Low,Good,5.165,0.21052631578947367,0
17.46,5,Young Adult,19,Low,Good,3.492,0.2631578947368421,0
52.29,5,Sequential Art,19,High,Good,10.458,0.2631578947368421,0
35.02,5,Music,19,High,Good,7.0040000000000004,0.2631578947368421,0
57.25,3,Music,19,High,Low,19.083333333333332,0.15789473684210525,0
23.88,1,Poetry,19,Low,Low,23.88,0.05263157894736842,2
37.59,1,Science Fiction,19,High,Low,37.59,0.05263157894736842,1
51.33,2,Politics,19,High,Low,25.665,0.10526315789473684,1
45.17,2,Travel,19,High,Low,22.585,0.10526315789473684,0
12.84,1,Thriller,19,Low,Low,12.84,0.05263157894736842,2
37.32,2,Music,19,High,Low,18.66,0.10526315789473684,0
30.52,3,Food and Drink,19,High,Low,10.173333333333334,0.15789473684210525,0
25.27,5,Romance,19,Low,Good,5.054,0.2631578947368421,0
34.53,5,Romance,19,High,Good,6.906000000000001,0.2631578947368421,0
54.64,3,Childrens,19,High,Low,18.213333333333335,0.15789473684210525,0
22.5,3,Default,19,Low,Low,7.5,0.15789473684210525,0
53.13,3,Default,19,High,Low,17.71,0.15789473684210525,0
40.3,5,Nonfiction,18,High,Good,8.059999999999999,0.2777777777777778,0
44.18,4,Art,18,High,Good,11.045,0.2222222222222222,0
17.66,5,Spirituality,18,Low,Good,3.532,0.2777777777777778,0
31.05,3,Nonfiction,18,High,Low,10.35,0.16666666666666666,0
23.82,5,Thriller,18,Low,Good,4.764,0.2777777777777778,0
36.89,1,Childrens,18,High,Low,36.89,0.05555555555555555,1
15.94,5,Philosophy,18,Low,Good,3.1879999999999997,0.2777777777777778,0
33.29,3,Default,18,High,Low,11.096666666666666,0.16666666666666666,0
18.02,2,Default,18,Low,Low,9.01,0.1111111111111111,2
19.63,1,Mystery,18,Low,Low,19.63,0.05555555555555555,2
52.22,4,Thriller,18,High,Good,13.055,0.2222222222222222,0
33.63,2,Poetry,17,High,Low,16.815,0.11764705882352941,0
57.31,3,Poetry,17,High,Low,19.103333333333335,0.17647058823529413,0
26.41,2,Nonfiction,17,Low,Low,13.205,0.11764705882352941,2
47.61,5,Fiction,17,High,Good,9.522,0.29411764705882354,0
23.11,5,Nonfiction,17,Low,Good,4.622,0.29411764705882354,0
45.07,2,New Adult,16,High,Low,22.535,0.125,0
31.77,1,Contemporary,16,High,Low,31.77,0.0625,1
50.27,5,Fiction,16,High,Good,10.054,0.3125,0
14.27,4,Poetry,16,Low,Good,3.5675,0.25,0
44.18,4,Nonfiction,16,High,Good,11.045,0.25,0
18.78,3,Fantasy,16,Low,Low,6.260000000000001,0.1875,0
25.52,1,History,16,Low,Low,25.52,0.0625,2
16.28,1,Sequential Art,16,Low,Low,16.28,0.0625,2
31.12,3,Nonfiction,16,High,Low,10.373333333333333,0.1875,0
19.49,4,Sequential Art,16,Low,Good,4.8725,0.25,0
17.27,5,Fiction,16,Low,Good,3.4539999999999997,0.3125,0
19.09,1,Add a comment,16,Low,Low,19.09,0.0625,2
56.13,1,Childrens,16,High,Low,56.13,0.0625,1
56.41,1,Food and Drink,16,High,Low,56.41,0.0625,1
56.5,4,Mystery,16,High,Good,14.125,0.25,0
45.22,3,Young Adult,16,High,Low,15.073333333333332,0.1875,0
38.16,4,Sequential Art,16,High,Good,9.54,0.25,0
54.11,3,Fiction,16,High,Low,18.036666666666665,0.1875,0
42.96,4,Science,16,High,Good,10.74,0.25,0
23.89,4,Add a comment,16,Low,Good,5.9725,0.25,0
16.77,3,Nonfiction,16,Low,Low,5.59,0.1875,2
20.59,5,Default,16,Low,Good,4.118,0.3125,0
37.13,1,Nonfiction,16,High,Low,37.13,0.0625,1
56.06,1,Nonfiction,16,High,Low,56.06,0.0625,1
58.11,4,Philosophy,16,High,Good,14.5275,0.25,0
49.05,3,Health,16,High,Low,16.349999999999998,0.1875,0
40.76,3,Add a comment,16,High,Low,13.586666666666666,0.1875,0
19.73,1,History,16,Low,Low,19.73,0.0625,2
32.24,5,Spirituality,16,High,Good,6.448,0.3125,0
41.83,4,Nonfiction,16,High,Good,10.4575,0.25,0
39.58,2,Default,16,High,Low,19.79,0.125,0
39.25,2,Horror,16,High,Low,19.625,0.125,0
25.02,3,Fantasy,16,Low,Low,8.34,0.1875,0
51.04,2,Sequential Art,16,High,Low,25.52,0.125,1
19.83,2,Nonfiction,16,Low,Low,9.915,0.125,2
50.4,3,Sequential Art,16,High,Low,16.8,0.1875,0
13.61,5,Sequential Art,16,Low,Good,2.722,0.3125,0
13.34,5,Fantasy,16,Low,Good,2.668,0.3125,0
18.97,1,Sequential Art,16,Low,Low,18.97,0.0625,2
36.28,2,History,16,High,Low,18.14,0.125,0
10.16,3,Sequential Art,16,Low,Low,3.3866666666666667,0.1875,2
15.44,4,Sequential Art,16,Low,Good,3.86,0.25,0
48.41,1,Sequential Art,16,High,Low,48.41,0.0625,1
46.35,1,Self Help,16,High,Low,46.35,0.0625,1
14.07,3,Add a comment,16,Low,Low,4.69,0.1875,2
14.86,2,Young Adult,16,Low,Low,7.43,0.125,2
33.37,2,Food and Drink,16,High,Low,16.685,0.125,0
56.4,2,Fantasy,16,High,Low,28.2,0.125,1
14.02,4,Food and Drink,16,Low,Good,3.505,0.25,0
46.91,2,Sequential Art,16,High,Low,23.455,0.125,1
45.61,3,Sequential Art,16,High,Low,15.203333333333333,0.1875,0
19.92,2,Sequential Art,16,Low,Low,9.96,0.125,2
40.11,1,Food and Drink,16,High,Low,40.11,0.0625,1
53.9,2,Add a comment,16,High,Low,26.95,0.125,1
35.67,5,Science Fiction,16,High,Good,7.134,0.3125,0
22.0,4,Nonfiction,16,Low,Good,5.5,0.25,0
57.36,5,Science,16,High,Good,11.472,0.3125,0
29.17,2,Sequential Art,16,Low,Low,14.585,0.125,2
54.63,3,Sequential Art,16,High,Low,18.21,0.1875,0
46.03,1,Self Help,16,High,Low,46.03,0.0625,1
33.97,1,Romance,16,High,Low,33.97,0.0625,1
22.11,2,Sequential Art,16,Low,Low,11.055,0.125,2
29.69,3,Historical Fiction,16,Low,Low,9.896666666666667,0.1875,0
15.97,4,Romance,16,Low,Good,3.9925,0.25,0
21.96,1,Romance,16,Low,Low,21.96,0.0625,2
54.35,2,Nonfiction,16,High,Low,27.175,0.125,1
37.97,2,Religion,16,High,Low,18.985,0.125,0
51.99,4,Sequential Art,16,High,Good,12.9975,0.25,0
43.29,3,Fantasy,16,High,Low,14.43,0.1875,0
36.72,4,Sequential Art,16,High,Good,9.18,0.25,0
17.08,4,Sequential Art,16,Low,Good,4.27,0.25,0
29.14,5,Nonfiction,16,Low,Good,5.828,0.3125,0
28.81,3,Young Adult,16,Low,Low,9.603333333333333,0.1875,0
49.46,2,Default,16,High,Low,24.73,0.125,1
37.92,2,Sequential Art,16,High,Low,18.96,0.125,0
28.09,2,Fantasy,16,Low,Low,14.045,0.125,2
30.81,1,Nonfiction,16,High,Low,30.81,0.0625,1
42.95,1,Default,16,High,Low,42.95,0.0625,1
56.76,5,Default,16,High,Good,11.352,0.3125,0
16.64,1,Mystery,16,Low,Low,16.64,0.0625,2
55.53,5,Historical Fiction,16,High,Good,11.106,0.3125,0
28.13,4,Young Adult,16,Low,Good,7.0325,0.25,0
52.37,1,Fantasy,16,High,Low,52.37,0.0625,1
54.0,5,Christian,16,High,Good,10.8,0.3125,0
21.87,4,Religion,15,Low,Good,5.4675,0.26666666666666666,0
43.3,4,Science Fiction,15,High,Good,10.825,0.26666666666666666,0
21.04,2,Fiction,15,Low,Low,10.52,0.13333333333333333,2
41.6,3,Default,15,High,Low,13.866666666666667,0.2,0
35.07,3,Fantasy,15,High,Low,11.69,0.2,0
59.64,1,History,15,High,Low,59.64,0.06666666666666667,1
52.72,1,Default,15,High,Low,52.72,0.06666666666666667,1
58.08,4,Childrens,15,High,Good,14.52,0.26666666666666666,0
24.12,1,Romance,15,Low,Low,24.12,0.06666666666666667,2
42.15,4,Fiction,15,High,Good,10.5375,0.26666666666666666,0
12.61,5,Business,15,Low,Good,2.522,0.3333333333333333,0
17.44,4,Philosophy,15,Low,Good,4.36,0.26666666666666666,0
33.14,1,Sequential Art,15,High,Low,33.14,0.06666666666666667,1
27.37,4,Default,15,Low,Good,6.8425,0.26666666666666666,0
51.36,5,Fiction,15,High,Good,10.272,0.3333333333333333,0
36.0,2,Default,15,High,Low,18.0,0.13333333333333333,0
10.65,1,Science Fiction,15,Low,Low,10.65,0.06666666666666667,2
43.54,2,Nonfiction,15,High,Low,21.77,0.13333333333333333,0
38.21,2,Nonfiction,15,High,Low,19.105,0.13333333333333333,0
37.34,5,Food and Drink,15,High,Good,7.468000000000001,0.3333333333333333,0
44.1,4,Mystery,15,High,Good,11.025,0.26666666666666666,0
43.29,3,New Adult,15,High,Low,14.43,0.2,0
55.85,1,New Adult,15,High,Low,55.85,0.06666666666666667,1
37.6,2,Food and Drink,15,High,Low,18.8,0.13333333333333333,0
10.97,1,Crime,15,Low,Low,10.97,0.06666666666666667,2
41.82,4,Default,15,High,Good,10.455,0.26666666666666666,0
36.95,1,Historical Fiction,15,High,Low,36.95,0.06666666666666667,1
44.28,1,Fantasy,15,High,Low,44.28,0.06666666666666667,1
55.02,2,Default,15,High,Low,27.51,0.13333333333333333,1
17.24,1,Nonfiction,15,Low,Low,17.24,0.06666666666666667,2
23.15,2,Default,15,Low,Low,11.575,0.13333333333333333,2
41.25,1,Food and Drink,15,High,Low,41.25,0.06666666666666667,1
32.0,3,Default,15,High,Low,10.666666666666666,0.2,0
38.49,5,Nonfiction,15,High,Good,7.698,0.3333333333333333,0
33.34,5,Default,15,High,Good,6.668000000000001,0.3333333333333333,0
10.93,2,Autobiography,15,Low,Low,5.465,0.13333333333333333,2
27.55,3,Business,15,Low,Low,9.183333333333334,0.2,0
55.99,2,Romance,15,High,Low,27.995,0.13333333333333333,1
16.24,4,Romance,15,Low,Good,4.06,0.26666666666666666,0
26.12,2,Science Fiction,15,Low,Low,13.06,0.13333333333333333,2
12.23,2,Nonfiction,15,Low,Low,6.115,0.13333333333333333,2
23.99,2,Business,15,Low,Low,11.995,0.13333333333333333,2
29.06,3,Add a comment,15,Low,Low,9.686666666666666,0.2,0
20.27,1,Default,15,Low,Low,20.27,0.06666666666666667,2
43.55,5,Young Adult,15,High,Good,8.709999999999999,0.3333333333333333,0
36.94,1,Default,15,High,Low,36.94,0.06666666666666667,1
20.47,5,Christian Fiction,15,Low,Good,4.093999999999999,0.3333333333333333,0
41.06,1,Default,15,High,Low,41.06,0.06666666666666667,1
14.19,4,Poetry,15,Low,Good,3.5475,0.26666666666666666,0
38.28,1,Young Adult,15,High,Low,38.28,0.06666666666666667,1
41.05,1,Poetry,15,High,Low,41.05,0.06666666666666667,1
30.25,5,Historical Fiction,15,High,Good,6.05,0.3333333333333333,0
28.26,5,Add a comment,15,Low,Good,5.652,0.3333333333333333,0
10.76,1,Default,15,Low,Low,10.76,0.06666666666666667,2
16.85,2,Biography,15,Low,Low,8.425,0.13333333333333333,2
13.47,3,Childrens,15,Low,Low,4.49,0.2,2
48.56,5,Young Adult,15,High,Good,9.712,0.3333333333333333,0
19.15,2,Default,15,Low,Low,9.575,0.13333333333333333,2
57.36,4,Womens Fiction,15,High,Good,14.34,0.26666666666666666,0
42.98,1,Fantasy,15,High,Low,42.98,0.06666666666666667,1
22.16,2,Default,15,Low,Low,11.08,0.13333333333333333,2
49.43,4,Travel,15,High,Good,12.3575,0.26666666666666666,0
29.99,5,Young Adult,15,Low,Good,5.997999999999999,0.3333333333333333,0
21.36,1,Horror,15,Low,Low,21.36,0.06666666666666667,2
29.0,1,Default,15,Low,Low,29.0,0.06666666666666667,1
53.53,5,Fiction,15,High,Good,10.706,0.3333333333333333,0
41.62,4,Sequential Art,15,High,Good,10.405,0.26666666666666666,0
54.59,4,Default,15,High,Good,13.6475,0.26666666666666666,0
34.95,4,Default,15,High,Good,8.7375,0.26666666666666666,0
37.72,5,Default,15,High,Good,7.544,0.3333333333333333,0
35.61,3,Romance,15,High,Low,11.87,0.2,0
42.16,3,Food and Drink,15,High,Low,14.053333333333333,0.2,0
19.19,5,Erotica,15,Low,Good,3.838,0.3333333333333333,0
19.43,3,Nonfiction,15,Low,Low,6.476666666666667,0.2,2
49.46,4,Christian Fiction,15,High,Good,12.365,0.26666666666666666,0
37.8,2,Spirituality,15,High,Low,18.9,0.13333333333333333,0
30.8,3,Nonfiction,15,High,Low,10.266666666666667,0.2,0
27.43,2,Nonfiction,15,Low,Low,13.715,0.13333333333333333,2
11.11,2,Default,15,Low,Low,5.555,0.13333333333333333,2
36.5,2,Sequential Art,15,High,Low,18.25,0.13333333333333333,0
15.38,5,Sequential Art,15,Low,Good,3.076,0.3333333333333333,0
15.48,2,Default,15,Low,Low,7.74,0.13333333333333333,2
46.82,4,Default,15,High,Good,11.705,0.26666666666666666,0
18.46,3,Default,15,Low,Low,6.153333333333333,0.2,2
36.58,1,Cultural,15,High,Low,36.58,0.06666666666666667,1
50.54,5,Default,15,High,Good,10.108,0.3333333333333333,0
12.51,5,Nonfiction,15,Low,Good,2.502,0.3333333333333333,0
24.7,3,History,14,Low,Low,8.233333333333333,0.21428571428571427,0
43.61,5,Thriller,14,High,Good,8.722,0.35714285714285715,0
37.34,4,Sequential Art,14,High,Good,9.335,0.2857142857142857,0
14.36,2,Young Adult,14,Low,Low,7.18,0.14285714285714285,2
52.65,4,Politics,14,High,Good,13.1625,0.2857142857142857,0
38.2,4,Nonfiction,14,High,Good,9.55,0.2857142857142857,0
19.6,2,Nonfiction,14,Low,Low,9.8,0.14285714285714285,2
53.9,1,Sequential Art,14,High,Low,53.9,0.07142857142857142,1
12.96,5,Childrens,14,Low,Good,2.592,0.35714285714285715,0
37.1,4,Default,14,High,Good,9.275,0.2857142857142857,0
46.31,2,Young Adult,14,High,Low,23.155,0.14285714285714285,1
45.95,2,Default,14,High,Low,22.975,0.14285714285714285,1
22.08,2,Childrens,14,Low,Low,11.04,0.14285714285714285,2
25.38,2,Sequential Art,14,Low,Low,12.69,0.14285714285714285,2
27.12,2,Young Adult,14,Low,Low,13.56,0.14285714285714285,2
43.04,2,Nonfiction,14,High,Low,21.52,0.14285714285714285,0
56.8,4,Default,14,High,Good,14.2,0.2857142857142857,0
25.91,5,Add a comment,14,Low,Good,5.182,0.35714285714285715,0
32.61,3,Romance,14,High,Low,10.87,0.21428571428571427,0
27.88,5,Fiction,14,Low,Good,5.576,0.35714285714285715,0
52.67,4,Fiction,14,High,Good,13.1675,0.2857142857142857,0
46.02,5,Fantasy,14,High,Good,9.204,0.35714285714285715,0
44.48,5,Default,14,High,Good,8.895999999999999,0.35714285714285715,0
37.4,5,Add a comment,14,High,Good,7.4799999999999995,0.35714285714285715,0
54.04,1,Default,14,High,Low,54.04,0.07142857142857142,1
16.88,3,Default,14,Low,Low,5.626666666666666,0.21428571428571427,2
28.08,4,Historical Fiction,14,Low,Good,7.02,0.2857142857142857,0
10.4,1,Psychology,14,Low,Low,10.4,0.07142857142857142,2
44.07,1,Humor,14,High,Low,44.07,0.07142857142857142,1
23.4,1,Horror,14,Low,Low,23.4,0.07142857142857142,2
17.43,3,Nonfiction,14,Low,Low,5.81,0.21428571428571427,2
54.21,2,Mystery,14,High,Low,27.105,0.14285714285714285,1
40.67,2,Add a comment,14,High,Low,20.335,0.14285714285714285,0
52.26,2,Fantasy,14,High,Low,26.13,0.14285714285714285,1
28.77,3,Food and Drink,14,Low,Low,9.59,0.21428571428571427,0
13.82,2,Thriller,14,Low,Low,6.91,0.14285714285714285,2
25.85,3,Fiction,14,Low,Low,8.616666666666667,0.21428571428571427,0
48.78,1,Add a comment,14,High,Low,48.78,0.07142857142857142,1
35.35,5,Young Adult,14,High,Good,7.07,0.35714285714285715,0
44.73,4,Fantasy,14,High,Good,11.1825,0.2857142857142857,0
15.77,1,Nonfiction,14,Low,Low,15.77,0.07142857142857142,2
39.24,1,Thriller,14,High,Low,39.24,0.07142857142857142,1
13.92,1,Mystery,14,Low,Low,13.92,0.07142857142857142,2
10.69,1,Mystery,14,Low,Low,10.69,0.07142857142857142,2
45.21,3,Fiction,14,High,Low,15.07,0.21428571428571427,0
45.58,1,Nonfiction,14,High,Low,45.58,0.07142857142857142,1
11.89,5,Sequential Art,14,Low,Good,2.378,0.35714285714285715,0
26.41,3,Fiction,14,Low,Low,8.803333333333333,0.21428571428571427,0
39.5,5,Default,14,High,Good,7.9,0.35714285714285715,0
44.74,4,Science,14,High,Good,11.185,0.2857142857142857,0
52.79,5,Contemporary,14,High,Good,10.558,0.35714285714285715,0
35.43,4,Sequential Art,14,High,Good,8.8575,0.2857142857142857,0
55.84,4,Fiction,14,High,Good,13.96,0.2857142857142857,0
48.87,3,Travel,14,High,Low,16.29,0.21428571428571427,0
46.78,4,Poetry,14,High,Good,11.695,0.2857142857142857,0
47.82,3,Sequential Art,14,High,Low,15.94,0.21428571428571427,0
25.48,2,Sequential Art,14,Low,Low,12.74,0.14285714285714285,2
23.57,3,Childrens,14,Low,Low,7.8566666666666665,0.21428571428571427,0
50.89,5,Poetry,14,High,Good,10.178,0.35714285714285715,0
10.56,3,Horror,14,Low,Low,3.52,0.21428571428571427,2
52.15,3,Self Help,14,High,Low,17.383333333333333,0.21428571428571427,0
18.28,2,Childrens,14,Low,Low,9.14,0.14285714285714285,2
11.83,5,Humor,14,Low,Good,2.366,0.35714285714285715,0
21.95,2,Nonfiction,14,Low,Low,10.975,0.14285714285714285,2
38.39,2,Sequential Art,14,High,Low,19.195,0.14285714285714285,0
41.56,1,Fiction,14,High,Low,41.56,0.07142857142857142,1
24.48,3,Fiction,14,Low,Low,8.16,0.21428571428571427,0
40.36,1,Young Adult,14,High,Low,40.36,0.07142857142857142,1
28.9,1,Fiction,14,Low,Low,28.9,0.07142857142857142,1
37.61,2,Add a comment,14,High,Low,18.805,0.14285714285714285,0
38.85,5,Business,14,High,Good,7.7700000000000005,0.35714285714285715,0
53.95,3,Childrens,14,High,Low,17.983333333333334,0.21428571428571427,0
49.83,3,Default,14,High,Low,16.61,0.21428571428571427,0
51.51,2,Sequential Art,14,High,Low,25.755,0.14285714285714285,1
18.03,1,Music,14,Low,Low,18.03,0.07142857142857142,2
29.14,5,Nonfiction,14,Low,Good,5.828,0.35714285714285715,0
46.91,4,Default,14,High,Good,11.7275,0.2857142857142857,0
26.79,5,Nonfiction,14,Low,Good,5.358,0.35714285714285715,0
16.28,5,Default,14,Low,Good,3.2560000000000002,0.35714285714285715,0
19.55,1,Food and Drink,14,Low,Low,19.55,0.07142857142857142,2
29.65,1,Fantasy,14,Low,Low,29.65,0.07142857142857142,1
25.98,4,Humor,14,Low,Good,6.495,0.2857142857142857,0
10.6,4,Fiction,14,Low,Good,2.65,0.2857142857142857,0
14.75,5,Humor,14,Low,Good,2.95,0.35714285714285715,0
47.02,3,Default,14,High,Low,15.673333333333334,0.21428571428571427,0
28.82,1,Romance,14,Low,Low,28.82,0.07142857142857142,1
58.79,3,Nonfiction,14,High,Low,19.596666666666668,0.21428571428571427,0
10.23,5,Default,14,Low,Good,2.0460000000000003,0.35714285714285715,0
30.03,5,Religion,14,High,Good,6.006,0.35714285714285715,0
45.84,3,Historical Fiction,14,High,Low,15.280000000000001,0.21428571428571427,0
49.05,3,Art,14,High,Low,16.349999999999998,0.21428571428571427,0
15.06,4,Nonfiction,14,Low,Good,3.765,0.2857142857142857,0
46.47,3,Default,14,High,Low,15.49,0.21428571428571427,0
27.09,3,Fiction,14,Low,Low,9.03,0.21428571428571427,0
57.62,5,Sequential Art,14,High,Good,11.524,0.35714285714285715,0
14.39,4,Fiction,14,Low,Good,3.5975,0.2857142857142857,0
51.75,5,Nonfiction,14,High,Good,10.35,0.35714285714285715,0
54.07,2,Health,14,High,Low,27.035,0.14285714285714285,1
55.35,1,Young Adult,14,High,Low,55.35,0.07142857142857142,1
40.12,2,Horror,14,High,Low,20.06,0.14285714285714285,0
37.51,5,Fantasy,14,High,Good,7.502,0.35714285714285715,0
11.21,5,Fiction,14,Low,Good,2.242,0.35714285714285715,0
36.58,1,Default,14,High,Low,36.58,0.07142857142857142,1
47.72,2,Christian,14,High,Low,23.86,0.14285714285714285,1
25.01,3,Fiction,14,Low,Low,8.336666666666668,0.21428571428571427,0
22.13,4,Add a comment,14,Low,Good,5.5325,0.2857142857142857,0
44.14,1,Default,14,High,Low,44.14,0.07142857142857142,1
56.02,4,Fantasy,14,High,Good,14.005,0.2857142857142857,0
11.23,4,Default,14,Low,Good,2.8075,0.2857142857142857,0
43.28,1,Default,14,High,Low,43.28,0.07142857142857142,1
47.27,1,Default,14,High,Low,47.27,0.07142857142857142,1
20.29,4,Add a comment,14,Low,Good,5.0725,0.2857142857142857,0
50.83,3,Young Adult,14,High,Low,16.94333333333333,0.21428571428571427,0
31.85,3,Default,14,High,Low,10.616666666666667,0.21428571428571427,0
46.23,2,Default,14,High,Low,23.115,0.14285714285714285,1
37.8,4,Nonfiction,14,High,Good,9.45,0.2857142857142857,0
49.32,5,Nonfiction,14,High,Good,9.864,0.35714285714285715,0
32.01,2,Sequential Art,14,High,Low,16.005,0.14285714285714285,2
28.01,1,Food and Drink,14,Low,Low,28.01,0.07142857142857142,2
50.62,5,Food and Drink,14,High,Good,10.123999999999999,0.35714285714285715,0
17.03,3,Fiction,14,Low,Low,5.676666666666667,0.21428571428571427,2
48.8,3,Sequential Art,14,High,Low,16.266666666666666,0.21428571428571427,0
58.14,4,Young Adult,14,High,Good,14.535,0.2857142857142857,0
34.2,2,Add a comment,14,High,Low,17.1,0.14285714285714285,2
51.48,3,Default,14,High,Low,17.16,0.21428571428571427,0
29.87,5,Historical,14,Low,Good,5.974,0.35714285714285715,0
10.9,2,Sequential Art,14,Low,Low,5.45,0.14285714285714285,2
56.37,5,Nonfiction,14,High,Good,11.274,0.35714285714285715,0
48.35,5,Mystery,14,High,Good,9.67,0.35714285714285715,0
16.73,2,Mystery,14,Low,Low,8.365,0.14285714285714285,2
56.48,2,Add a comment,14,High,Low,28.24,0.14285714285714285,1
40.79,2,Add a comment,14,High,Low,20.395,0.14285714285714285,0
39.72,1,Fiction,14,High,Low,39.72,0.07142857142857142,1
14.58,3,History,14,Low,Low,4.86,0.21428571428571427,2
55.51,1,Add a comment,14,High,Low,55.51,0.07142857142857142,1
21.8,3,History,14,Low,Low,7.266666666666667,0.21428571428571427,2
13.33,3,Default,13,Low,Low,4.443333333333333,0.23076923076923078,2
38.73,1,Fantasy,13,High,Low,38.73,0.07692307692307693,1
37.86,4,Add a comment,13,High,Good,9.465,0.3076923076923077,0
11.53,2,Food and Drink,13,Low,Low,5.765,0.15384615384615385,2
27.06,1,Nonfiction,13,Low,Low,27.06,0.07692307692307693,2
13.86,3,Womens Fiction,12,Low,Low,4.62,0.25,2
37.55,1,Science,12,High,Low,37.55,0.08333333333333333,1
32.3,5,Fantasy,12,High,Good,6.459999999999999,0.4166666666666667,0
46.29,5,Fiction,12,High,Good,9.258,0.4166666666666667,0
26.2,1,Add a comment,12,Low,Low,26.2,0.08333333333333333,2
33.26,2,Nonfiction,12,High,Low,16.63,0.16666666666666666,2
59.15,4,Add a comment,12,High,Good,14.7875,0.3333333333333333,0
39.43,1,Psychology,12,High,Low,39.43,0.08333333333333333,1
14.44,5,Young Adult,12,Low,Good,2.888,0.4166666666666667,0
56.54,2,Fiction,12,High,Low,28.27,0.16666666666666666,1
59.9,3,Nonfiction,12,High,Low,19.966666666666665,0.25,0
11.88,3,Add a comment,12,Low,Low,3.9600000000000004,0.25,2
48.05,2,Young Adult,12,High,Low,24.025,0.16666666666666666,1
21.21,3,Nonfiction,12,Low,Low,7.07,0.25,2
49.67,4,Default,12,High,Good,12.4175,0.3333333333333333,0
43.14,1,Business,12,High,Low,43.14,0.08333333333333333,1
36.97,5,Horror,12,High,Good,7.394,0.4166666666666667,0
26.8,3,Mystery,12,Low,Low,8.933333333333334,0.25,0
15.71,4,Add a comment,12,Low,Good,3.9275,0.3333333333333333,0
54.65,4,Young Adult,12,High,Good,13.6625,0.3333333333333333,0
54.36,4,Mystery,12,High,Good,13.59,0.3333333333333333,0
35.28,3,Mystery,12,High,Low,11.76,0.25,0
20.55,2,Historical Fiction,12,Low,Low,10.275,0.16666666666666666,2
58.32,5,Default,12,High,Good,11.664,0.4166666666666667,0
11.84,1,Mystery,12,Low,Low,11.84,0.08333333333333333,2
41.46,4,Nonfiction,12,High,Good,10.365,0.3333333333333333,0
20.1,5,Food and Drink,12,Low,Good,4.0200000000000005,0.4166666666666667,0
56.86,1,Politics,12,High,Low,56.86,0.08333333333333333,1
56.51,5,Default,12,High,Good,11.302,0.4166666666666667,0
40.83,4,Romance,12,High,Good,10.2075,0.3333333333333333,0
48.64,1,Horror,12,High,Low,48.64,0.08333333333333333,1
59.48,3,Mystery,12,High,Low,19.826666666666664,0.25,0
39.01,4,Historical Fiction,12,High,Good,9.7525,0.3333333333333333,0
38.77,1,Food and Drink,12,High,Low,38.77,0.08333333333333333,1
48.39,2,Default,11,High,Low,24.195,0.18181818181818182,1
27.26,2,Mystery,11,Low,Low,13.63,0.18181818181818182,2
11.68,4,Nonfiction,11,Low,Good,2.92,0.36363636363636365,2
59.45,1,Fiction,11,High,Low,59.45,0.09090909090909091,1
21.0,3,Business,11,Low,Low,7.0,0.2727272727272727,2
53.98,3,Romance,11,High,Low,17.993333333333332,0.2727272727272727,0
48.74,1,Science Fiction,11,High,Low,48.74,0.09090909090909091,1
21.15,2,Biography,11,Low,Low,10.575,0.18181818181818182,2
13.71,3,Mystery,11,Low,Low,4.57,0.2727272727272727,2
47.67,3,Romance,11,High,Low,15.89,0.2727272727272727,0
13.34,2,Fiction,11,Low,Low,6.67,0.18181818181818182,2
16.89,5,Nonfiction,11,Low,Good,3.378,0.45454545454545453,0
27.18,1,Autobiography,11,Low,Low,27.18,0.09090909090909091,2
17.28,2,Historical Fiction,11,Low,Low,8.64,0.18181818181818182,2
45.14,1,Fiction,11,High,Low,45.14,0.09090909090909091,1
40.85,1,Autobiography,11,High,Low,40.85,0.09090909090909091,1
20.46,4,Womens Fiction,11,Low,Good,5.115,0.36363636363636365,0
56.27,3,Psychology,11,High,Low,18.756666666666668,0.2727272727272727,0
48.49,4,Womens Fiction,11,High,Good,12.1225,0.36363636363636365,0
51.34,4,Young Adult,11,High,Good,12.835,0.36363636363636365,0
16.34,3,Fiction,11,Low,Low,5.446666666666666,0.2727272727272727,2
20.5,3,Food and Drink,11,Low,Low,6.833333333333333,0.2727272727272727,2
21.59,5,Business,11,Low,Good,4.318,0.45454545454545453,0
21.36,4,Science Fiction,11,Low,Good,5.34,0.36363636363636365,0
20.88,5,Default,11,Low,Good,4.176,0.45454545454545453,0
19.53,3,Nonfiction,11,Low,Low,6.510000000000001,0.2727272727272727,2
14.75,5,Romance,11,Low,Good,2.95,0.45454545454545453,0
48.48,3,Fiction,11,High,Low,16.16,0.2727272727272727,0
24.57,2,Nonfiction,10,Low,Low,12.285,0.2,2
49.71,5,Health,10,High,Good,9.942,0.5,0
48.27,5,Add a comment,9,High,Good,9.654,0.5555555555555556,0
58.05,4,Add a comment,9,High,Good,14.5125,0.4444444444444444,0
58.87,4,Default,9,High,Good,14.7175,0.4444444444444444,0
11.82,2,Default,9,Low,Low,5.91,0.2222222222222222,2
28.03,1,Fiction,9,Low,Low,28.03,0.1111111111111111,2
44.05,5,Default,9,High,Good,8.809999999999999,0.5555555555555556,0
12.34,4,Food and Drink,9,Low,Good,3.085,0.4444444444444444,2
16.68,2,Default,9,Low,Low,8.34,0.2222222222222222,2
55.91,1,Science,9,High,Low,55.91,0.1111111111111111,1
24.57,3,Religion,9,Low,Low,8.19,0.3333333333333333,2
52.98,5,Health,9,High,Good,10.596,0.5555555555555556,0
54.4,1,Young Adult,9,High,Low,54.4,0.1111111111111111,1
54.81,5,Novels,9,High,Good,10.962,0.5555555555555556,0
25.08,1,Childrens,9,Low,Low,25.08,0.1111111111111111,2
10.41,4,Default,9,Low,Good,2.6025,0.4444444444444444,2
47.44,2,Default,9,High,Low,23.72,0.2222222222222222,1
20.91,1,Spirituality,9,Low,Low,20.91,0.1111111111111111,2
33.95,4,Sequential Art,9,High,Good,8.4875,0.4444444444444444,0
43.68,3,Humor,9,High,Low,14.56,0.3333333333333333,0
33.23,1,Young Adult,9,High,Low,33.23,0.1111111111111111,1
35.92,2,Nonfiction,9,High,Low,17.96,0.2222222222222222,2
48.63,4,Art,9,High,Good,12.1575,0.4444444444444444,0
56.63,3,Fantasy,9,High,Low,18.87666666666667,0.3333333333333333,0
50.49,3,Add a comment,9,High,Low,16.830000000000002,0.3333333333333333,0
35.79,2,Add a comment,9,High,Low,17.895,0.2222222222222222,2
34.06,3,Nonfiction,8,High,Low,11.353333333333333,0.375,2
17.76,1,Nonfiction,8,Low,Low,17.76,0.125,2
39.36,2,Nonfiction,8,High,Low,19.68,0.25,2
36.94,2,Travel,8,High,Low,18.47,0.25,2
43.62,5,Default,8,High,Good,8.724,0.625,0
43.02,3,Art,8,High,Low,14.340000000000002,0.375,0
28.45,4,Nonfiction,8,Low,Good,7.1125,0.5,0
41.39,2,Default,8,High,Low,20.695,0.25,2
51.15,1,Fiction,8,High,Low,51.15,0.125,1
35.88,1,Short Stories,8,High,Low,35.88,0.125,1
36.91,1,Business,8,High,Low,36.91,0.125,1
28.93,1,Young Adult,8,Low,Low,28.93,0.125,2
38.89,5,Nonfiction,8,High,Good,7.7780000000000005,0.625,0
58.33,3,Suspense,8,High,Low,19.44333333333333,0.375,0
39.67,5,Christian Fiction,8,High,Good,7.934,0.625,0
14.1,5,Sequential Art,8,Low,Good,2.82,0.625,0
21.82,3,Nonfiction,8,Low,Low,7.273333333333333,0.375,2
54.21,1,Philosophy,8,High,Low,54.21,0.125,1
31.19,4,Music,8,High,Good,7.7975,0.5,0
53.64,5,Poetry,8,High,Good,10.728,0.625,0
36.39,5,Young Adult,8,High,Good,7.2780000000000005,0.625,0
58.54,2,Fiction,8,High,Low,29.27,0.25,1
29.48,3,Nonfiction,8,Low,Low,9.826666666666666,0.375,2
25.06,2,Nonfiction,8,Low,Low,12.53,0.25,2
12.55,3,Nonfiction,8,Low,Low,4.183333333333334,0.375,2
29.04,5,Poetry,8,Low,Good,5.808,0.625,0
40.72,2,Default,8,High,Low,20.36,0.25,2
45.05,5,Music,8,High,Good,9.01,0.625,0
47.13,1,Philosophy,8,High,Low,47.13,0.125,1
20.22,4,Default,8,Low,Good,5.055,0.5,2
56.48,1,Default,8,High,Low,56.48,0.125,1
44.21,1,Nonfiction,8,High,Low,44.21,0.125,1
21.96,4,Fiction,8,Low,Good,5.49,0.5,0
40.45,2,Poetry,8,High,Low,20.225,0.25,2
10.29,4,Art,8,Low,Good,2.5725,0.5,2
52.86,2,Default,8,High,Low,26.43,0.25,1
55.65,5,Young Adult,8,High,Good,11.129999999999999,0.625,0
43.64,1,Default,8,High,Low,43.64,0.125,1
28.41,1,Science,8,Low,Low,28.41,0.125,2
37.51,4,Default,8,High,Good,9.3775,0.5,0
11.45,3,History,8,Low,Low,3.8166666666666664,0.375,2
19.22,2,Nonfiction,8,Low,Low,9.61,0.25,2
56.91,4,Nonfiction,8,High,Good,14.2275,0.5,0
55.06,4,Nonfiction,8,High,Good,13.765,0.5,0
13.2,3,Nonfiction,8,Low,Low,4.3999999999999995,0.375,2
53.63,2,Food and Drink,8,High,Low,26.815,0.25,1
44.48,5,History,8,High,Good,8.895999999999999,0.625,0
12.08,3,Self Help,7,Low,Low,4.026666666666666,0.42857142857142855,2
22.14,2,Default,7,Low,Low,11.07,0.2857142857142857,2
25.37,5,Mystery,7,Low,Good,5.074,0.7142857142857143,0
46.33,2,Spirituality,7,High,Low,23.165,0.2857142857142857,1
37.33,3,Travel,7,High,Low,12.443333333333333,0.42857142857142855,0
25.55,1,Humor,7,Low,Low,25.55,0.14285714285714285,2
34.72,1,Default,7,High,Low,34.72,0.14285714285714285,1
35.96,4,Childrens,7,High,Good,8.99,0.5714285714285714,0
41.14,4,Art,7,High,Good,10.285,0.5714285714285714,0
10.01,4,Science,7,Low,Good,2.5025,0.5714285714285714,2
36.05,4,Default,7,High,Good,9.0125,0.5714285714285714,0
49.03,3,Default,7,High,Low,16.343333333333334,0.42857142857142855,0
16.24,1,Add a comment,7,Low,Low,16.24,0.14285714285714285,2
39.55,1,Biography,7,High,Low,39.55,0.14285714285714285,1
35.67,3,Add a comment,7,High,Low,11.89,0.42857142857142855,2
16.62,3,Historical Fiction,7,Low,Low,5.54,0.42857142857142855,2
42.78,4,Fiction,7,High,Good,10.695,0.5714285714285714,0
52.3,5,Mystery,7,High,Good,10.459999999999999,0.7142857142857143,0
32.34,2,Art,7,High,Low,16.17,0.2857142857142857,2
33.17,4,Default,7,High,Good,8.2925,0.5714285714285714,0
20.12,5,Add a comment,7,Low,Good,4.024,0.7142857142857143,0
20.9,2,Default,7,Low,Low,10.45,0.2857142857142857,2
20.9,3,Romance,7,Low,Low,6.966666666666666,0.42857142857142855,2
40.2,4,Fiction,7,High,Good,10.05,0.5714285714285714,0
52.87,3,Childrens,7,High,Low,17.62333333333333,0.42857142857142855,0
51.74,1,Business,7,High,Low,51.74,0.14285714285714285,1
34.41,2,Childrens,7,High,Low,17.205,0.2857142857142857,2
32.38,1,Childrens,7,High,Low,32.38,0.14285714285714285,1
50.35,4,Young Adult,7,High,Good,12.5875,0.5714285714285714,0
11.38,5,Food and Drink,7,Low,Good,2.2760000000000002,0.7142857142857143,0
43.58,3,Womens Fiction,7,High,Low,14.526666666666666,0.42857142857142855,0
49.67,3,Fiction,7,High,Low,16.55666666666667,0.42857142857142855,0
28.77,2,Christian Fiction,7,Low,Low,14.385,0.2857142857142857,2
13.22,4,Default,7,Low,Good,3.305,0.5714285714285714,2
51.17,5,Poetry,7,High,Good,10.234,0.7142857142857143,0
39.61,5,Fantasy,7,High,Good,7.922,0.7142857142857143,0
57.43,4,Add a comment,7,High,Good,14.3575,0.5714285714285714,0
46.01,4,Food and Drink,7,High,Good,11.5025,0.5714285714285714,0
28.25,2,Food and Drink,7,Low,Low,14.125,0.2857142857142857,2
37.05,5,Add a comment,7,High,Good,7.409999999999999,0.7142857142857143,0
19.57,1,Sequential Art,7,Low,Low,19.57,0.14285714285714285,2
45.13,3,Nonfiction,7,High,Low,15.043333333333335,0.42857142857142855,0
46.64,2,Nonfiction,7,High,Low,23.32,0.2857142857142857,1
12.16,5,Fantasy,7,Low,Good,2.432,0.7142857142857143,0
20.89,4,Mystery,7,Low,Good,5.2225,0.5714285714285714,2
17.97,5,Christian Fiction,7,Low,Good,3.594,0.7142857142857143,0
52.6,2,Music,7,High,Low,26.3,0.2857142857142857,1
25.77,1,Christian,7,Low,Low,25.77,0.14285714285714285,2
48.19,3,Biography,7,High,Low,16.063333333333333,0.42857142857142855,0
29.93,5,Philosophy,7,Low,Good,5.986,0.7142857142857143,0
44.34,2,Travel,7,High,Low,22.17,0.2857142857142857,1
52.4,5,History,7,High,Good,10.48,0.7142857142857143,0
44.81,4,Fantasy,7,High,Good,11.2025,0.5714285714285714,0
57.84,5,Default,6,High,Good,11.568000000000001,0.8333333333333334,0
39.67,2,History,6,High,Low,19.835,0.3333333333333333,2
55.02,3,Default,6,High,Low,18.34,0.5,0
24.8,4,Mystery,6,Low,Good,6.2,0.6666666666666666,2
59.45,4,Nonfiction,6,High,Good,14.8625,0.6666666666666666,0
31.58,2,Default,6,High,Low,15.79,0.3333333333333333,2
43.27,4,Add a comment,6,High,Good,10.8175,0.6666666666666666,0
37.34,1,Historical Fiction,6,High,Low,37.34,0.16666666666666666,1
17.8,5,Default,6,Low,Good,3.56,0.8333333333333334,3
30.54,1,Travel,6,High,Low,30.54,0.16666666666666666,1
18.77,1,Add a comment,6,Low,Low,18.77,0.16666666666666666,2
46.85,3,Add a comment,6,High,Low,15.616666666666667,0.5,0
15.79,1,Historical,6,Low,Low,15.79,0.16666666666666666,2
10.27,2,Default,6,Low,Low,5.135,0.3333333333333333,2
15.42,5,Poetry,6,Low,Good,3.084,0.8333333333333334,3
59.92,5,Food and Drink,6,High,Good,11.984,0.8333333333333334,0
50.96,2,Young Adult,6,High,Low,25.48,0.3333333333333333,1
30.6,3,Default,6,High,Low,10.200000000000001,0.5,2
19.27,4,Add a comment,6,Low,Good,4.8175,0.6666666666666666,2
46.58,1,Default,6,High,Low,46.58,0.16666666666666666,1
48.51,3,Add a comment,6,High,Low,16.169999999999998,0.5,0
19.02,1,Fiction,6,Low,Low,19.02,0.16666666666666666,2
38.38,2,Mystery,6,High,Low,19.19,0.3333333333333333,2
49.98,4,Nonfiction,6,High,Good,12.495,0.6666666666666666,0
46.49,5,Self Help,6,High,Good,9.298,0.8333333333333334,0
18.32,2,Thriller,6,Low,Low,9.16,0.3333333333333333,2
42.14,3,Nonfiction,6,High,Low,14.046666666666667,0.5,0
56.59,4,Add a comment,6,High,Good,14.1475,0.6666666666666666,0
20.96,4,Sequential Art,6,Low,Good,5.24,0.6666666666666666,2
40.32,4,Fiction,6,High,Good,10.08,0.6666666666666666,0
36.39,3,Sequential Art,6,High,Low,12.13,0.5,2
58.55,4,History,6,High,Good,14.6375,0.6666666666666666,0
39.61,3,Food and Drink,6,High,Low,13.203333333333333,0.5,0
21.3,3,Psychology,6,Low,Low,7.1000000000000005,0.5,2
56.88,4,Travel,6,High,Good,14.22,0.6666666666666666,0
32.97,4,Historical Fiction,5,High,Good,8.2425,0.8,3
47.31,4,Young Adult,5,High,Good,11.8275,0.8,0
48.67,2,Nonfiction,5,High,Low,24.335,0.4,1
41.73,4,Young Adult,5,High,Good,10.4325,0.8,3
53.68,4,Default,5,High,Good,13.42,0.8,0
14.64,1,Young Adult,5,Low,Low,14.64,0.2,2
38.4,1,Music,5,High,Low,38.4,0.2,1
15.08,4,Classics,5,Low,Good,3.77,0.8,2
30.57,2,Add a comment,5,High,Low,15.285,0.4,2
57.74,4,Fantasy,5,High,Good,14.435,0.8,0
11.05,5,Food and Drink,5,Low,Good,2.21,1.0,3
28.58,1,Classics,5,Low,Low,28.58,0.2,2
42.91,5,History,5,High,Good,8.581999999999999,1.0,3
24.73,3,Fiction,5,Low,Low,8.243333333333334,0.6,2
55.91,4,History,5,High,Good,13.9775,0.8,0
13.76,3,Science,5,Low,Low,4.586666666666667,0.6,2
45.56,3,Fiction,5,High,Low,15.186666666666667,0.6,0
47.22,1,Default,5,High,Low,47.22,0.2,1
56.0,5,Fantasy,5,High,Good,11.2,1.0,3
44.58,2,Fiction,5,High,Low,22.29,0.4,1
34.5,1,Default,5,High,Low,34.5,0.2,1
11.33,5,Young Adult,5,Low,Good,2.266,1.0,3
38.77,4,Poetry,5,High,Good,9.6925,0.8,3
11.83,2,Default,5,Low,Low,5.915,0.4,2
45.51,3,Fantasy,5,High,Low,15.17,0.6,0
41.81,1,Young Adult,5,High,Low,41.81,0.2,1
25.15,4,Nonfiction,5,Low,Good,6.2875,0.8,3
34.22,5,Fiction,5,High,Good,6.843999999999999,1.0,3
16.23,5,Default,5,Low,Good,3.246,1.0,3
11.48,3,Default,5,Low,Low,3.8266666666666667,0.6,2
23.37,3,Horror,5,Low,Low,7.79,0.6,2
16.28,2,Science,5,Low,Low,8.14,0.4,2
31.63,4,Nonfiction,5,High,Good,7.9075,0.8,3
24.91,5,Food and Drink,5,Low,Good,4.982,1.0,3
22.54,1,Childrens,5,Low,Low,22.54,0.2,2
23.63,4,Young Adult,5,Low,Good,5.9075,0.8,3
13.12,2,Academic,5,Low,Low,6.56,0.4,2
59.98,3,Fiction,5,High,Low,19.993333333333332,0.6,1
31.49,4,Thriller,5,High,Good,7.8725,0.8,3
15.52,5,Young Adult,5,Low,Good,3.104,1.0,3
48.13,5,Young Adult,5,High,Good,9.626000000000001,1.0,3
38.13,5,Default,5,High,Good,7.626,1.0,3
36.55,2,Default,5,High,Low,18.275,0.4,2
23.32,1,Default,5,Low,Low,23.32,0.2,2
16.33,1,Sequential Art,5,Low,Low,16.33,0.2,2
32.42,1,Science Fiction,5,High,Low,32.42,0.2,1
16.96,1,Default,5,Low,Low,16.96,0.2,2
22.37,1,Add a comment,5,Low,Low,22.37,0.2,2
42.27,1,Add a comment,5,High,Low,42.27,0.2,1
38.7,2,Default,5,High,Low,19.35,0.4,2
35.63,5,Horror,5,High,Good,7.126,1.0,3
58.0,5,Fiction,5,High,Good,11.6,1.0,3
52.41,1,Sequential Art,5,High,Low,52.41,0.2,1
32.35,3,Nonfiction,5,High,Low,10.783333333333333,0.6,2
20.75,1,Philosophy,5,Low,Low,20.75,0.2,2
17.49,5,Poetry,5,Low,Good,3.4979999999999998,1.0,3
34.13,5,Default,5,High,Good,6.8260000000000005,1.0,3
58.81,5,Autobiography,5,High,Good,11.762,1.0,3
10.0,5,Young Adult,5,Low,Good,2.0,1.0,3
51.22,2,History,5,High,Low,25.61,0.4,1
58.59,4,Default,5,High,Good,14.6475,0.8,0
31.3,1,Romance,5,High,Low,31.3,0.2,1
46.42,2,Add a comment,5,High,Low,23.21,0.4,1
17.21,4,Fantasy,5,Low,Good,4.3025,0.8,2
10.79,3,Add a comment,5,Low,Low,3.5966666666666662,0.6,2
52.35,4,Default,4,High,Good,13.0875,1.0,3
27.88,3,Default,4,Low,Low,9.293333333333333,0.75,2
50.26,2,Classics,4,High,Low,25.13,0.5,1
59.99,3,Romance,4,High,Low,19.996666666666666,0.75,1
28.32,5,Historical Fiction,4,Low,Good,5.664,1.25,3
38.71,3,Nonfiction,4,High,Low,12.903333333333334,0.75,2
29.85,5,Default,4,Low,Good,5.970000000000001,1.25,3
14.82,2,Classics,4,Low,Low,7.41,0.5,2
16.81,4,Nonfiction,4,Low,Good,4.2025,1.0,3
28.23,2,Nonfiction,4,Low,Low,14.115,0.5,2
52.11,2,Fantasy,4,High,Low,26.055,0.5,1
27.88,2,Sequential Art,4,Low,Low,13.94,0.5,2
59.71,3,Thriller,4,High,Low,19.903333333333332,0.75,1
46.08,5,Fantasy,4,High,Good,9.216,1.25,3
13.73,5,Womens Fiction,4,Low,Good,2.746,1.25,3
48.39,5,Womens Fiction,4,High,Good,9.678,1.25,3
49.45,5,Fantasy,4,High,Good,9.89,1.25,3
19.67,5,Default,4,Low,Good,3.934,1.25,3
12.36,3,Music,4,Low,Low,4.12,0.75,2
20.02,5,Music,4,Low,Good,4.004,1.25,3
12.75,4,Horror,4,Low,Good,3.1875,1.0,2
47.51,4,Horror,4,High,Good,11.8775,1.0,3
20.44,4,Default,4,Low,Good,5.11,1.0,3
34.79,2,Horror,4,High,Low,17.395,0.5,2
28.07,4,Classics,4,Low,Good,7.0175,1.0,3
25.01,3,Horror,4,Low,Low,8.336666666666668,0.75,2
13.9,3,Default,4,Low,Low,4.633333333333334,0.75,2
24.17,4,Young Adult,4,Low,Good,6.0425,1.0,3
31.63,4,Fantasy,4,High,Good,7.9075,1.0,3
48.75,5,Fantasy,4,High,Good,9.75,1.25,3
14.74,1,Fantasy,4,Low,Low,14.74,0.25,2
32.49,3,Classics,4,High,Low,10.83,0.75,2
27.8,1,Nonfiction,4,Low,Low,27.8,0.25,2
26.77,1,Historical Fiction,4,Low,Low,26.77,0.25,2
50.44,4,Sequential Art,4,High,Good,12.61,1.0,3
34.93,2,Thriller,4,High,Low,17.465,0.5,2
12.87,1,Romance,4,Low,Low,12.87,0.25,2
48.94,2,Default,4,High,Low,24.47,0.5,1
13.38,3,Romance,4,Low,Low,4.46,0.75,2
58.63,3,Classics,4,High,Low,19.543333333333333,0.75,1
21.94,1,Womens Fiction,4,Low,Low,21.94,0.25,2
26.58,5,Fiction,4,Low,Good,5.316,1.25,3
57.22,3,Classics,4,High,Low,19.073333333333334,0.75,1
56.43,1,Romance,4,High,Low,56.43,0.25,1
55.65,5,Spirituality,4,High,Good,11.129999999999999,1.25,3
27.62,1,Religion,4,Low,Low,27.62,0.25,2
49.56,4,Horror,4,High,Good,12.39,1.0,3
34.77,1,Default,3,High,Low,34.77,0.3333333333333333,1
17.73,3,Classics,3,Low,Low,5.91,1.0,2
21.8,1,Default,3,Low,Low,21.8,0.3333333333333333,2
46.02,3,Default,3,High,Low,15.340000000000002,1.0,3
18.13,1,Default,3,Low,Low,18.13,0.3333333333333333,2
30.89,5,Humor,3,High,Good,6.178,1.6666666666666667,3
31.95,3,Nonfiction,3,High,Low,10.65,1.0,3
24.04,1,Contemporary,3,Low,Low,24.04,0.3333333333333333,2
32.36,3,Young Adult,3,High,Low,10.786666666666667,1.0,3
21.07,5,Historical Fiction,3,Low,Good,4.214,1.6666666666666667,3
50.66,3,Nonfiction,3,High,Low,16.886666666666667,1.0,3
13.66,2,Food and Drink,3,Low,Low,6.83,0.6666666666666666,2
58.09,1,Nonfiction,3,High,Low,58.09,0.3333333333333333,1
30.0,1,Nonfiction,3,High,Low,30.0,0.3333333333333333,1
32.74,2,Young Adult,3,High,Low,16.37,0.6666666666666666,2
41.93,2,Default,3,High,Low,20.965,0.6666666666666666,2
42.8,2,Womens Fiction,3,High,Low,21.4,0.6666666666666666,1
53.51,1,Nonfiction,3,High,Low,53.51,0.3333333333333333,1
23.21,3,Fiction,3,Low,Low,7.736666666666667,1.0,2
21.14,1,Psychology,3,Low,Low,21.14,0.3333333333333333,2
56.07,3,Childrens,3,High,Low,18.69,1.0,3
14.41,3,Sequential Art,3,Low,Low,4.803333333333334,1.0,2
45.75,4,Womens Fiction,3,High,Good,11.4375,1.3333333333333333,3
15.77,1,Thriller,3,Low,Low,15.77,0.3333333333333333,2
10.02,2,Add a comment,3,Low,Low,5.01,0.6666666666666666,2
48.77,1,Childrens,3,High,Low,48.77,0.3333333333333333,1
57.86,2,Horror,3,High,Low,28.93,0.6666666666666666,1
23.59,1,Food and Drink,3,Low,Low,23.59,0.3333333333333333,2
23.05,5,Mystery,3,Low,Good,4.61,1.6666666666666667,3
55.55,5,Sequential Art,3,High,Good,11.11,1.6666666666666667,3
58.64,4,Fantasy,3,High,Good,14.66,1.3333333333333333,3
23.21,1,Travel,3,Low,Low,23.21,0.3333333333333333,2
42.57,3,Biography,3,High,Low,14.19,1.0,3
10.92,1,Science Fiction,3,Low,Low,10.92,0.3333333333333333,2
34.77,1,Add a comment,3,High,Low,34.77,0.3333333333333333,1
35.66,5,Historical Fiction,3,High,Good,7.132,1.6666666666666667,3
37.19,3,Add a comment,3,High,Low,12.396666666666667,1.0,3
12.25,1,Romance,3,Low,Low,12.25,0.3333333333333333,2
29.7,2,Classics,3,Low,Low,14.85,0.6666666666666666,2
36.8,3,Default,3,High,Low,12.266666666666666,1.0,3
45.43,1,Romance,3,High,Low,45.43,0.3333333333333333,1
26.26,4,Fiction,3,Low,Good,6.565,1.3333333333333333,3
44.92,3,Young Adult,3,High,Low,14.973333333333334,1.0,3
52.53,5,Womens Fiction,3,High,Good,10.506,1.6666666666666667,3
37.25,2,Nonfiction,3,High,Low,18.625,0.6666666666666666,2
20.93,1,Default,3,Low,Low,20.93,0.3333333333333333,2
58.09,2,Default,3,High,Low,29.045,0.6666666666666666,1
43.59,5,Childrens,3,High,Good,8.718,1.6666666666666667,3
33.92,3,Business,3,High,Low,11.306666666666667,1.0,3
55.55,2,Historical Fiction,3,High,Low,27.775,0.6666666666666666,1
29.64,4,Young Adult,3,Low,Good,7.41,1.3333333333333333,3
27.41,1,Fiction,3,Low,Low,27.41,0.3333333333333333,2
52.51,5,Fiction,3,High,Good,10.501999999999999,1.6666666666666667,3
47.8,3,Add a comment,3,High,Low,15.933333333333332,1.0,3
14.54,2,History,3,Low,Low,7.27,0.6666666666666666,2
49.53,1,Historical Fiction,3,High,Low,49.53,0.3333333333333333,1
43.58,3,Default,3,High,Low,14.526666666666666,1.0,3
12.3,1,Default,3,Low,Low,12.3,0.3333333333333333,2
49.47,3,Horror,3,High,Low,16.49,1.0,3
22.14,2,Default,3,Low,Low,11.07,0.6666666666666666,2
57.48,1,Add a comment,3,High,Low,57.48,0.3333333333333333,1
43.45,3,Mystery,3,High,Low,14.483333333333334,1.0,3
22.13,4,Add a comment,3,Low,Good,5.5325,1.3333333333333333,3
13.03,4,Science,3,Low,Good,3.2575,1.3333333333333333,3
57.35,5,Science,3,High,Good,11.47,1.6666666666666667,3
44.29,1,Womens Fiction,3,High,Low,44.29,0.3333333333333333,1
52.25,4,Default,3,High,Good,13.0625,1.3333333333333333,3
26.33,5,Childrens,3,Low,Good,5.266,1.6666666666666667,3
22.96,2,Fiction,3,Low,Low,11.48,0.6666666666666666,2
19.21,1,Mystery,3,Low,Low,19.21,0.3333333333333333,2
26.78,4,Classics,3,Low,Good,6.695,1.3333333333333333,3
41.32,5,Add a comment,3,High,Good,8.264,1.6666666666666667,3
24.55,1,Add a comment,3,Low,Low,24.55,0.3333333333333333,2
16.26,2,Childrens,3,Low,Low,8.13,0.6666666666666666,2
47.84,1,Add a comment,3,High,Low,47.84,0.3333333333333333,1
53.49,2,Default,3,High,Low,26.745,0.6666666666666666,1
44.84,5,Sports and Games,3,High,Good,8.968,1.6666666666666667,3
53.71,5,Add a comment,3,High,Good,10.742,1.6666666666666667,3
23.43,2,Default,3,Low,Low,11.715,0.6666666666666666,2
34.32,3,Food and Drink,3,High,Low,11.44,1.0,3
22.1,1,Fiction,3,Low,Low,22.1,0.3333333333333333,2
25.83,2,Science,3,Low,Low,12.915,0.6666666666666666,2
36.74,3,Nonfiction,3,High,Low,12.246666666666668,1.0,3
49.51,1,Nonfiction,3,High,Low,49.51,0.3333333333333333,1
48.96,5,Womens Fiction,3,High,Good,9.792,1.6666666666666667,3
54.62,1,Womens Fiction,3,High,Low,54.62,0.3333333333333333,1
24.72,2,Fantasy,3,Low,Low,12.36,0.6666666666666666,2
46.45,2,Default,3,High,Low,23.225,0.6666666666666666,1
52.33,2,Add a comment,3,High,Low,26.165,0.6666666666666666,1
30.6,4,Science,3,High,Good,7.65,1.3333333333333333,3
14.57,4,Young Adult,3,Low,Good,3.6425,1.3333333333333333,3
46.29,1,Add a comment,3,High,Low,46.29,0.3333333333333333,1
21.57,5,Sequential Art,3,Low,Good,4.314,1.6666666666666667,3
12.91,4,Autobiography,3,Low,Good,3.2275,1.3333333333333333,3
50.11,3,Add a comment,3,High,Low,16.703333333333333,1.0,3
41.67,4,Nonfiction,3,High,Good,10.4175,1.3333333333333333,3
44.88,2,Business,3,High,Low,22.44,0.6666666666666666,1
11.1,3,Romance,3,Low,Low,3.6999999999999997,1.0,2
28.54,3,Childrens,3,Low,Low,9.513333333333334,1.0,2
19.07,4,Science Fiction,3,Low,Good,4.7675,1.3333333333333333,3
43.55,1,Default,3,High,Low,43.55,0.3333333333333333,1
43.63,3,Sequential Art,3,High,Low,14.543333333333335,1.0,3
39.13,1,Sequential Art,3,High,Low,39.13,0.3333333333333333,1
56.68,2,Default,3,High,Low,28.34,0.6666666666666666,1
14.16,1,Nonfiction,3,Low,Low,14.16,0.3333333333333333,2
31.45,3,Sequential Art,3,High,Low,10.483333333333333,1.0,3
24.61,2,Default,3,Low,Low,12.305,0.6666666666666666,2
32.87,2,Default,3,High,Low,16.435,0.6666666666666666,2
40.17,1,Nonfiction,3,High,Low,40.17,0.3333333333333333,1
13.51,1,Nonfiction,3,Low,Low,13.51,0.3333333333333333,2
38.95,3,Travel,3,High,Low,12.983333333333334,1.0,3
31.69,3,Humor,3,High,Low,10.563333333333334,1.0,3
29.4,1,Default,3,Low,Low,29.4,0.3333333333333333,2
57.83,1,Nonfiction,3,High,Low,57.83,0.3333333333333333,1
55.46,2,Fantasy,3,High,Low,27.73,0.6666666666666666,1
57.6,2,Autobiography,3,High,Low,28.8,0.6666666666666666,1
34.98,2,Add a comment,3,High,Low,17.49,0.6666666666666666,2
11.87,2,Autobiography,3,Low,Low,5.935,0.6666666666666666,2
12.47,3,Fiction,3,Low,Low,4.156666666666667,1.0,2
33.26,2,Science Fiction,3,High,Low,16.63,0.6666666666666666,2
59.04,5,Autobiography,3,High,Good,11.808,1.6666666666666667,3
26.13,2,Default,3,Low,Low,13.065,0.6666666666666666,2
22.2,1,Nonfiction,3,Low,Low,22.2,0.3333333333333333,2
45.11,1,Nonfiction,3,High,Low,45.11,0.3333333333333333,1
43.69,4,Young Adult,3,High,Good,10.9225,1.3333333333333333,3
25.02,1,Default,3,Low,Low,25.02,0.3333333333333333,2
55.5,5,Humor,3,High,Good,11.1,1.6666666666666667,3
53.04,5,Young Adult,3,High,Good,10.608,1.6666666666666667,3
44.97,1,Fiction,3,High,Low,44.97,0.3333333333333333,1
42.38,1,Nonfiction,3,High,Low,42.38,0.3333333333333333,1
20.11,3,Default,3,Low,Low,6.703333333333333,1.0,2
56.7,5,Nonfiction,3,High,Good,11.34,1.6666666666666667,3
41.0,5,Fiction,3,High,Good,8.2,1.6666666666666667,3
28.85,3,Nonfiction,3,Low,Low,9.616666666666667,1.0,3
49.97,4,Christian Fiction,3,High,Good,12.4925,1.3333333333333333,3
19.69,1,Womens Fiction,3,Low,Low,19.69,0.3333333333333333,2
28.88,2,Nonfiction,3,Low,Low,14.44,0.6666666666666666,2
33.14,3,Food and Drink,3,High,Low,11.046666666666667,1.0,3
43.7,2,History,3,High,Low,21.85,0.6666666666666666,1
54.89,1,Horror,3,High,Low,54.89,0.3333333333333333,1
37.52,2,Childrens,3,High,Low,18.76,0.6666666666666666,2
51.07,2,Humor,3,High,Low,25.535,0.6666666666666666,1
44.07,4,Fantasy,3,High,Good,11.0175,1.3333333333333333,3
10.79,4,Childrens,3,Low,Good,2.6975,1.3333333333333333,3
42.72,1,Sequential Art,3,High,Low,42.72,0.3333333333333333,1
26.66,5,Nonfiction,3,Low,Good,5.332,1.6666666666666667,3
37.6,5,Default,3,High,Good,7.5200000000000005,1.6666666666666667,3
42.21,4,Young Adult,3,High,Good,10.5525,1.3333333333333333,3
46.83,2,Historical Fiction,3,High,Low,23.415,0.6666666666666666,1
45.17,2,Sequential Art,3,High,Low,22.585,0.6666666666666666,1
51.22,3,Sports and Games,3,High,Low,17.073333333333334,1.0,3
21.28,4,Add a comment,3,Low,Good,5.32,1.3333333333333333,3
15.36,5,Adult Fiction,3,Low,Good,3.072,1.6666666666666667,3
38.62,1,Default,3,High,Low,38.62,0.3333333333333333,1
25.4,3,Mystery,3,Low,Low,8.466666666666667,1.0,2
43.87,3,Fantasy,3,High,Low,14.623333333333333,1.0,3
18.74,1,Default,3,Low,Low,18.74,0.3333333333333333,2
54.86,1,Science Fiction,3,High,Low,54.86,0.3333333333333333,1
52.62,3,Default,3,High,Low,17.54,1.0,3
51.48,1,Science Fiction,3,High,Low,51.48,0.3333333333333333,1
15.28,5,Nonfiction,3,Low,Good,3.056,1.6666666666666667,3
39.24,5,Default,3,High,Good,7.848000000000001,1.6666666666666667,3
17.81,1,Default,3,Low,Low,17.81,0.3333333333333333,2
56.02,1,Fantasy,3,High,Low,56.02,0.3333333333333333,1
23.9,5,Default,3,Low,Good,4.779999999999999,1.6666666666666667,3
49.13,5,Fiction,3,High,Good,9.826,1.6666666666666667,3
10.62,1,Childrens,3,Low,Low,10.62,0.3333333333333333,2
36.17,2,Add a comment,3,High,Low,18.085,0.6666666666666666,2
59.95,2,Psychology,3,High,Low,29.975,0.6666666666666666,1
26.09,1,Young Adult,3,Low,Low,26.09,0.3333333333333333,2
37.35,2,Parenting,3,High,Low,18.675,0.6666666666666666,2
24.72,2,Mystery,3,Low,Low,12.36,0.6666666666666666,2
35.28,5,Default,3,High,Good,7.056,1.6666666666666667,3
51.32,5,Nonfiction,3,High,Good,10.264,1.6666666666666667,3
21.12,3,Young Adult,3,Low,Low,7.04,1.0,2
27.35,2,Nonfiction,3,Low,Low,13.675,0.6666666666666666,2
21.74,5,Nonfiction,3,Low,Good,4.348,1.6666666666666667,3
40.87,1,Nonfiction,3,High,Low,40.87,0.3333333333333333,1
49.31,1,Sequential Art,3,High,Low,49.31,0.3333333333333333,1
22.11,1,Fiction,3,Low,Low,22.11,0.3333333333333333,2
20.79,5,Historical Fiction,3,Low,Good,4.1579999999999995,1.6666666666666667,3
27.41,2,Romance,3,Low,Low,13.705,0.6666666666666666,2
38.35,2,Classics,3,High,Low,19.175,0.6666666666666666,2
21.55,5,Default,3,Low,Good,4.3100000000000005,1.6666666666666667,3
38.02,2,Sequential Art,3,High,Low,19.01,0.6666666666666666,2
22.06,4,Fantasy,3,Low,Good,5.515,1.3333333333333333,3
10.66,3,Childrens,3,Low,Low,3.5533333333333332,1.0,2
56.58,1,Nonfiction,3,High,Low,56.58,0.3333333333333333,1
36.83,5,Young Adult,3,High,Good,7.366,1.6666666666666667,3
35.01,2,Classics,3,High,Low,17.505,0.6666666666666666,2
30.48,4,Nonfiction,3,High,Good,7.62,1.3333333333333333,3
14.08,5,Default,3,Low,Good,2.816,1.6666666666666667,3
31.22,2,Fantasy,3,High,Low,15.61,0.6666666666666666,2
54.29,5,Autobiography,3,High,Good,10.858,1.6666666666666667,3
31.04,1,Psychology,3,High,Low,31.04,0.3333333333333333,1
50.96,1,Add a comment,3,High,Low,50.96,0.3333333333333333,1
11.89,2,Nonfiction,2,Low,Low,5.945,1.0,2
31.38,3,Add a comment,2,High,Low,10.459999999999999,1.5,3
54.81,1,Sequential Art,2,High,Low,54.81,0.5,1
16.78,3,Fiction,2,Low,Low,5.593333333333334,1.5,3
24.42,1,Sports and Games,2,Low,Low,24.42,0.5,2
11.75,3,Sequential Art,2,Low,Low,3.9166666666666665,1.5,3
20.02,1,Philosophy,2,Low,Low,20.02,0.5,2
12.86,4,Young Adult,2,Low,Good,3.215,2.0,3
31.58,5,Music,2,High,Good,6.316,2.5,3
34.0,3,Nonfiction,2,High,Low,11.333333333333334,1.5,3
57.42,5,Nonfiction,2,High,Good,11.484,2.5,3
53.47,1,Young Adult,2,High,Low,53.47,0.5,1
11.64,5,Sequential Art,2,Low,Good,2.3280000000000003,2.5,3
52.88,4,Childrens,2,High,Good,13.22,2.0,3
18.51,4,Sequential Art,1,Low,Good,4.6275,4.0,3
41.32,5,Historical Fiction,1,High,Good,8.264,5.0,3
39.77,3,Romance,1,High,Low,13.256666666666668,3.0,3
51.96,3,Fiction,1,High,Low,17.32,3.0,3
39.51,5,Art,1,High,Good,7.901999999999999,5.0,3
15.4,1,Paranormal,1,Low,Low,15.4,1.0,2
53.82,2,Fantasy,1,High,Low,26.91,2.0,3
30.95,4,Poetry,1,High,Good,7.7375,4.0,3
57.82,5,Nonfiction,1,High,Good,11.564,5.0,3
44.18,2,Science Fiction,1,High,Low,22.09,2.0,3
48.71,1,Romance,1,High,Low,48.71,1.0,1
19.69,5,Default,1,Low,Good,3.938,5.0,3
36.52,2,Sequential Art,1,High,Low,18.26,2.0,3
41.56,5,Nonfiction,1,High,Good,8.312000000000001,5.0,3
43.19,4,Classics,1,High,Good,10.7975,4.0,3
12.34,5,Fiction,1,Low,Good,2.468,5.0,3
36.25,3,Fantasy,1,High,Low,12.083333333333334,3.0,3
29.45,1,Science,1,Low,Low,29.45,1.0,2
34.56,3,Historical Fiction,1,High,Low,11.520000000000001,3.0,3
54.12,3,Sequential Art,1,High,Low,18.04,3.0,3
33.78,3,Add a comment,1,High,Low,11.26,3.0,3
29.64,3,Add a comment,1,Low,Low,9.88,3.0,3
57.7,4,Mystery,1,High,Good,14.425,4.0,3
36.34,1,Philosophy,1,High,Low,36.34,1.0,1
50.59,3,Default,1,High,Low,16.863333333333333,3.0,3
29.38,1,Fantasy,1,Low,Low,29.38,1.0,2
45.42,2,Classics,1,High,Low,22.71,2.0,3
54.43,1,Add a comment,1,High,Low,54.43,1.0,1
36.26,2,Science Fiction,1,High,Low,18.13,2.0,3
16.16,1,Add a comment,1,Low,Low,16.16,1.0,2
36.29,5,New Adult,1,High,Good,7.258,5.0,3
27.89,5,Young Adult,1,Low,Good,5.578,5.0,3
12.29,5,Mystery,1,Low,Good,2.4579999999999997,5.0,3
15.85,3,Mystery,1,Low,Low,5.283333333333333,3.0,3
14.4,1,Nonfiction,1,Low,Low,14.4,1.0,2
19.18,4,Womens Fiction,1,Low,Good,4.795,4.0,3
10.64,3,Sequential Art,1,Low,Low,3.546666666666667,3.0,3
14.76,3,Add a comment,1,Low,Low,4.92,3.0,3
57.49,3,Religion,1,High,Low,19.163333333333334,3.0,3
30.66,3,Fiction,1,High,Low,10.22,3.0,3
40.83,4,Young Adult,1,High,Good,10.2075,4.0,3
18.88,2,Default,1,Low,Low,9.44,2.0,3
25.83,3,Historical Fiction,1,Low,Low,8.61,3.0,3
42.12,3,Sequential Art,1,High,Low,14.04,3.0,3
13.33,3,Fantasy,1,Low,Low,4.443333333333333,3.0,3
42.4,1,Default,1,High,Low,42.4,1.0,1
58.35,3,New Adult,1,High,Low,19.45,3.0,3
21.72,4,Fantasy,1,Low,Good,5.43,4.0,3
44.91,2,Sports and Games,1,High,Low,22.455,2.0,3
37.46,1,Classics,1,High,Low,37.46,1.0,1
28.48,1,Sequential Art,1,Low,Low,28.48,1.0,2
28.34,2,Romance,1,Low,Low,14.17,2.0,3
46.96,5,Sequential Art,1,High,Good,9.392,5.0,3
24.96,1,Default,1,Low,Low,24.96,1.0,2
21.71,4,Sequential Art,1,Low,Good,5.4275,4.0,3
29.87,3,Sequential Art,1,Low,Low,9.956666666666667,3.0,3
28.99,1,Fantasy,1,Low,Low,28.99,1.0,2
52.94,2,Fantasy,1,High,Low,26.47,2.0,3
32.36,3,Default,1,High,Low,10.786666666666667,3.0,3
55.66,2,Music,1,High,Low,27.83,2.0,3
39.45,5,New Adult,1,High,Good,7.890000000000001,5.0,3
47.11,2,Classics,1,High,Low,23.555,2.0,3
58.75,4,Fantasy,1,High,Good,14.6875,4.0,3
38.92,2,Romance,1,High,Low,19.46,2.0,3
39.39,4,Sequential Art,1,High,Good,9.8475,4.0,3
25.89,2,Philosophy,1,Low,Low,12.945,2.0,3
28.34,1,Childrens,1,Low,Low,28.34,1.0,2
27.7,4,Historical Fiction,1,Low,Good,6.925,4.0,3
24.89,3,Add a comment,1,Low,Low,8.296666666666667,3.0,3
58.99,3,Romance,1,High,Low,19.663333333333334,3.0,3
57.2,5,Fiction,1,High,Good,11.440000000000001,5.0,3
38.43,5,Default,1,High,Good,7.686,5.0,3
34.74,4,Romance,1,High,Good,8.685,4.0,3
40.44,4,Sports and Games,1,High,Good,10.11,4.0,3
45.24,3,Sequential Art,1,High,Low,15.08,3.0,3
34.96,4,Science Fiction,1,High,Good,8.74,4.0,3
56.76,4,Sequential Art,1,High,Good,14.19,4.0,3
40.28,5,Sequential Art,1,High,Good,8.056000000000001,5.0,3
38.0,2,Default,1,High,Low,19.0,2.0,3
28.8,3,Music,1,Low,Low,9.6,3.0,3
39.24,3,Romance,1,High,Low,13.08,3.0,3
32.93,2,Classics,1,High,Low,16.465,2.0,3
51.32,3,Nonfiction,1,High,Low,17.106666666666666,3.0,3
47.09,5,Romance,1,High,Good,9.418000000000001,5.0,3
28.42,4,Religion,1,Low,Good,7.105,4.0,3
22.85,3,Childrens,1,Low,Low,7.616666666666667,3.0,3
41.24,1,Romance,1,High,Low,41.24,1.0,1
39.07,5,Fiction,1,High,Good,7.814,5.0,3
29.82,1,Womens Fiction,1,Low,Low,29.82,1.0,2
37.26,4,Romance,1,High,Good,9.315,4.0,3
20.3,3,Mystery,1,Low,Low,6.766666666666667,3.0,3
34.65,5,Sequential Art,1,High,Good,6.93,5.0,3
43.38,1,Philosophy,1,High,Low,43.38,1.0,1
55.53,1,Classics,1,High,Low,55.53,1.0,1
57.06,4,Sequential Art,1,High,Good,14.265,4.0,3
16.97,5,Historical Fiction,1,Low,Good,3.3939999999999997,5.0,3
53.98,1,Mystery,1,High,Low,53.98,1.0,1
26.08,5,Travel,1,Low,Good,5.215999999999999,5.0,3
